group1,group2,t-statistic,p-value,bonferroni-corrected p-value
2.5Å ~ 4.5Å,4.5Å ~ 6.5Å,-21.37562424329402,3.0458186999662054e-14,1.8274912199797234e-13
2.5Å ~ 4.5Å,6.5Å ~ 8.5Å,-18.42014991804667,3.967241864713337e-13,2.380345118828002e-12
2.5Å ~ 4.5Å,8.5Å ~ 10.0Å,-20.593352544187177,5.8113133356449e-14,3.48678800138694e-13
4.5Å ~ 6.5Å,6.5Å ~ 8.5Å,5.581612108380603,2.68452636053651e-05,0.0001610715816321906
4.5Å ~ 6.5Å,8.5Å ~ 10.0Å,3.542285510985722,0.002327505274884936,0.013965031649309616
6.5Å ~ 8.5Å,8.5Å ~ 10.0Å,-2.5046408098915167,0.0220938005909509,0.1325628035457054
