group1,group2,t-statistic,p-value,bonferroni-corrected p-value
2.5Å ~ 4.5Å,4.5Å ~ 6.5Å,22.658849397568087,1.1053129803061455e-14,6.631877881836873e-14
2.5Å ~ 4.5Å,6.5Å ~ 8.5Å,15.259444994611973,9.671522170026248e-12,5.802913302015749e-11
2.5Å ~ 4.5Å,8.5Å ~ 10.0Å,10.948744257147139,2.1753473496412285e-09,1.305208409784737e-08
4.5Å ~ 6.5Å,6.5Å ~ 8.5Å,-10.156889559082384,7.024608515831337e-09,4.214765109498802e-08
4.5Å ~ 6.5Å,8.5Å ~ 10.0Å,-14.925686980738869,1.4006837311165717e-11,8.40410238669943e-11
6.5Å ~ 8.5Å,8.5Å ~ 10.0Å,-5.31938607147309,4.6753569321164e-05,0.000280521415926984
